{
    "name": "root",
    "gauges": {
        "Turtle.Policy.Entropy.mean": {
            "value": 1.381657361984253,
            "min": 1.381657361984253,
            "max": 1.381657361984253,
            "count": 1
        },
        "Turtle.Policy.Entropy.sum": {
            "value": 23589.037109375,
            "min": 23589.037109375,
            "max": 23589.037109375,
            "count": 1
        },
        "Turtle.Environment.EpisodeLength.mean": {
            "value": 495.77272727272725,
            "min": 495.77272727272725,
            "max": 495.77272727272725,
            "count": 1
        },
        "Turtle.Environment.EpisodeLength.sum": {
            "value": 10907.0,
            "min": 10907.0,
            "max": 10907.0,
            "count": 1
        },
        "Turtle.Step.mean": {
            "value": 249980.0,
            "min": 249980.0,
            "max": 249980.0,
            "count": 1
        },
        "Turtle.Step.sum": {
            "value": 249980.0,
            "min": 249980.0,
            "max": 249980.0,
            "count": 1
        },
        "Turtle.Policy.ExtrinsicValue.mean": {
            "value": 2.0399391651153564,
            "min": 2.0399391651153564,
            "max": 2.0399391651153564,
            "count": 1
        },
        "Turtle.Policy.ExtrinsicValue.sum": {
            "value": 558.943359375,
            "min": 558.943359375,
            "max": 558.943359375,
            "count": 1
        },
        "Turtle.Environment.CumulativeReward.mean": {
            "value": -2.6551452563567595,
            "min": -2.6551452563567595,
            "max": -2.6551452563567595,
            "count": 1
        },
        "Turtle.Environment.CumulativeReward.sum": {
            "value": -58.41319563984871,
            "min": -58.41319563984871,
            "max": -58.41319563984871,
            "count": 1
        },
        "Turtle.Policy.ExtrinsicReward.mean": {
            "value": -2.6551452563567595,
            "min": -2.6551452563567595,
            "max": -2.6551452563567595,
            "count": 1
        },
        "Turtle.Policy.ExtrinsicReward.sum": {
            "value": -58.41319563984871,
            "min": -58.41319563984871,
            "max": -58.41319563984871,
            "count": 1
        },
        "Turtle.Losses.PolicyLoss.mean": {
            "value": -2.2902695542883627,
            "min": -2.2902695542883627,
            "max": -2.2902695542883627,
            "count": 1
        },
        "Turtle.Losses.PolicyLoss.sum": {
            "value": -3348.3740883695864,
            "min": -3348.3740883695864,
            "max": -3348.3740883695864,
            "count": 1
        },
        "Turtle.Losses.ValueLoss.mean": {
            "value": 6.270986211753338e-05,
            "min": 6.270986211753338e-05,
            "max": 6.270986211753338e-05,
            "count": 1
        },
        "Turtle.Losses.ValueLoss.sum": {
            "value": 0.09168181841583381,
            "min": 0.09168181841583381,
            "max": 0.09168181841583381,
            "count": 1
        },
        "Turtle.Losses.Q1Loss.mean": {
            "value": 0.00034658601382908736,
            "min": 0.00034658601382908736,
            "max": 0.00034658601382908736,
            "count": 1
        },
        "Turtle.Losses.Q1Loss.sum": {
            "value": 0.5067087522181257,
            "min": 0.5067087522181257,
            "max": 0.5067087522181257,
            "count": 1
        },
        "Turtle.Losses.Q2Loss.mean": {
            "value": 0.0003453594712220935,
            "min": 0.0003453594712220935,
            "max": 0.0003453594712220935,
            "count": 1
        },
        "Turtle.Losses.Q2Loss.sum": {
            "value": 0.5049155469267007,
            "min": 0.5049155469267007,
            "max": 0.5049155469267007,
            "count": 1
        },
        "Turtle.Policy.DiscreteEntropyCoeff.mean": {
            "value": 0.16191566404051858,
            "min": 0.16191566404051858,
            "max": 0.16191566404051858,
            "count": 1
        },
        "Turtle.Policy.DiscreteEntropyCoeff.sum": {
            "value": 236.72070082723818,
            "min": 236.72070082723818,
            "max": 236.72070082723818,
            "count": 1
        },
        "Turtle.Policy.ContinuousEntropyCoeff.mean": {
            "value": 0.20000000298023224,
            "min": 0.20000000298023224,
            "max": 0.20000000298023224,
            "count": 1
        },
        "Turtle.Policy.ContinuousEntropyCoeff.sum": {
            "value": 292.40000435709953,
            "min": 292.40000435709953,
            "max": 292.40000435709953,
            "count": 1
        },
        "Turtle.Policy.LearningRate.mean": {
            "value": 0.0003,
            "min": 0.0003,
            "max": 0.0003,
            "count": 1
        },
        "Turtle.Policy.LearningRate.sum": {
            "value": 0.4386,
            "min": 0.4386,
            "max": 0.4386,
            "count": 1
        },
        "Turtle.IsTraining.mean": {
            "value": 1.0,
            "min": 1.0,
            "max": 1.0,
            "count": 1
        },
        "Turtle.IsTraining.sum": {
            "value": 1.0,
            "min": 1.0,
            "max": 1.0,
            "count": 1
        }
    },
    "metadata": {
        "timer_format_version": "0.1.0",
        "start_time_seconds": "1746668824",
        "python_version": "3.10.12 | packaged by Anaconda, Inc. | (main, Jul  5 2023, 19:01:18) [MSC v.1916 64 bit (AMD64)]",
        "command_line_arguments": "C:\\Users\\gioro\\miniconda3\\envs\\mlagents\\Scripts\\mlagents-learn config/Rover_sac.yaml --run-id=rover-long-sac --no-graphics --time-scale 100 --capture-frame-rate=0 --target-frame-rate=-1 --resume",
        "mlagents_version": "1.1.0",
        "mlagents_envs_version": "1.1.0",
        "communication_protocol_version": "1.5.0",
        "pytorch_version": "2.2.2+cu121",
        "numpy_version": "1.23.5",
        "end_time_seconds": "1746669365"
    },
    "total": 540.6447227999997,
    "count": 1,
    "self": 0.006363799999235198,
    "children": {
        "run_training.setup": {
            "total": 0.12725810000029014,
            "count": 1,
            "self": 0.12725810000029014
        },
        "TrainerController.start_learning": {
            "total": 540.5111009000002,
            "count": 1,
            "self": 0.04198239999914222,
            "children": {
                "TrainerController._reset_env": {
                    "total": 12.227492400000301,
                    "count": 1,
                    "self": 12.227492400000301
                },
                "TrainerController.advance": {
                    "total": 528.0876429000018,
                    "count": 2112,
                    "self": 0.03763480000270647,
                    "children": {
                        "env_step": {
                            "total": 22.925717999987683,
                            "count": 2112,
                            "self": 14.328551500016147,
                            "children": {
                                "SubprocessEnvManager._take_step": {
                                    "total": 8.572101299985661,
                                    "count": 2112,
                                    "self": 0.11446160001287353,
                                    "children": {
                                        "TorchPolicy.evaluate": {
                                            "total": 8.457639699972788,
                                            "count": 2095,
                                            "self": 8.457639699972788
                                        }
                                    }
                                },
                                "workers": {
                                    "total": 0.025065199985874642,
                                    "count": 2112,